City_ID,City,Country,Date,Lat,Lng,Max Temp,Humidity,Cloudiness,Wind Speed
0,Khatanga,RU,2022-07-12 00:55:28,71.9667,102.5,37.42,96,100,13.6
1,Barrow,US,2022-07-12 00:55:29,71.2906,-156.7887,34.61,91,100,10.83
2,Havoysund,NO,2022-07-12 00:55:30,70.9963,24.6622,48.43,77,9,5.37
3,Vagur,FO,2022-07-12 00:55:31,61.4732,-6.8119,52.3,85,94,39.3
4,Bathsheba,BB,2022-07-12 00:55:32,13.2167,-59.5167,83.01,90,20,23.02
5,Burgos,ES,2022-07-12 00:55:32,42.3394,-3.7079,64.81,68,0,6.91
6,Bredasdorp,ZA,2022-07-12 00:55:33,-34.5322,20.0403,48.49,84,0,5.73
7,Kirovskiy,RU,2022-07-12 00:55:34,45.0917,133.5136,72.1,83,81,4.27
8,Suntar,RU,2022-07-12 00:55:34,62.1444,117.6319,71.62,57,21,5.91
9,Longyearbyen,SJ,2022-07-12 00:55:35,78.2186,15.6401,48.04,76,75,13.8
10,Hobart,AU,2022-07-12 00:55:36,-42.8794,147.3294,53.26,81,40,4.61
11,Geraldton,AU,2022-07-12 00:55:37,-28.7667,114.6,46.81,87,0,11.5
12,Auki,SB,2022-07-12 00:55:37,-8.7676,160.7034,85.24,63,7,3.44
13,Anadyr,RU,2022-07-12 00:55:38,64.75,177.4833,59.5,72,40,4.47
14,Bluff,NZ,2022-07-12 00:55:39,-46.6,168.3333,45.81,80,100,23.04
15,Gamba,GA,2022-07-12 00:55:39,-2.65,10.0,68.05,94,100,4.9
16,Vaini,TO,2022-07-12 00:55:40,-21.2,-175.2,80.76,78,20,11.5
17,Phan Thiet,VN,2022-07-12 00:55:41,10.9333,108.1,77.47,91,99,10.69
18,Praya,CV,2022-07-12 00:50:51,14.9215,-23.5087,75.74,78,40,9.22
19,Punta Arenas,CL,2022-07-12 00:53:43,-53.15,-70.9167,30.31,80,75,12.66
20,Cape Town,ZA,2022-07-12 00:55:45,-33.9258,18.4232,54.12,92,75,9.22
21,Viedma,AR,2022-07-12 00:55:46,-40.8135,-62.9967,37.83,72,7,6.31
22,Rancho Palos Verdes,US,2022-07-12 00:55:47,33.7445,-118.387,83.43,82,24,17.0
23,Busselton,AU,2022-07-12 00:55:48,-33.65,115.3333,57.51,80,94,9.44
24,Mar Del Plata,AR,2022-07-12 00:52:54,-38.0023,-57.5575,45.09,74,40,15.01
25,Saint George,US,2022-07-12 00:55:49,37.1041,-113.5841,108.19,12,0,12.66
26,Mahebourg,MU,2022-07-12 00:55:50,-20.4081,57.7,70.25,73,75,17.27
27,San Nicolas,PH,2022-07-12 00:55:51,18.1725,120.5953,84.11,89,75,4.61
28,Compiegne,FR,2022-07-12 00:55:53,49.4179,2.8261,68.76,75,95,5.3
29,Ribeira Grande,PT,2022-07-12 00:55:54,38.5167,-28.7,68.81,81,11,5.48
30,Katsuura,JP,2022-07-12 00:55:55,35.1333,140.3,77.95,84,100,2.66
31,Mount Gambier,AU,2022-07-12 00:55:56,-37.8333,140.7667,53.08,66,67,3.06
32,Husavik,IS,2022-07-12 00:55:57,66.0449,-17.3389,46.78,99,100,15.99
33,Marsa Matruh,EG,2022-07-12 00:55:58,31.3525,27.2453,77.2,69,0,9.22
34,Ushuaia,AR,2022-07-12 00:55:54,-54.8,-68.3,33.46,55,40,12.66
35,Saskylakh,RU,2022-07-12 00:55:59,71.9167,114.0833,43.0,68,100,17.34
36,Butaritari,KI,2022-07-12 00:56:00,3.0707,172.7902,81.63,81,63,17.29
37,Hermanus,ZA,2022-07-12 00:56:00,-34.4187,19.2345,51.8,80,1,7.29
38,Port Washington,US,2022-07-12 00:56:01,40.8257,-73.6982,77.2,65,0,5.99
39,Kaitangata,NZ,2022-07-12 00:56:02,-46.2817,169.8464,45.55,88,100,17.07
40,Berlevag,NO,2022-07-12 00:56:03,70.8578,29.0864,50.0,100,100,5.75
41,Ponta Do Sol,PT,2022-07-12 00:56:03,32.6667,-17.1,69.71,67,17,4.81
42,Albany,US,2022-07-12 00:56:04,42.6001,-73.9662,79.18,59,0,5.53
43,Vestmannaeyjar,IS,2022-07-12 00:56:05,63.4427,-20.2734,52.7,92,100,17.05
44,Byron Bay,AU,2022-07-12 00:56:06,-28.65,153.6167,64.94,66,76,3.89
45,Pavilosta,LV,2022-07-12 00:57:07,56.8879,21.1859,62.51,76,45,18.72
46,Arraial Do Cabo,BR,2022-07-12 00:57:08,-22.9661,-42.0278,70.48,91,16,24.99
47,Tasiilaq,GL,2022-07-12 00:57:10,65.6145,-37.6368,39.47,76,100,3.38
48,Leningradskiy,RU,2022-07-12 00:57:11,69.3833,178.4167,50.52,56,6,12.82
49,Rikitea,PF,2022-07-12 00:57:12,-23.1203,-134.9692,74.7,73,0,12.37
50,Umm Kaddadah,SD,2022-07-12 00:57:13,13.6017,26.6876,77.77,70,100,19.08
51,Castro,BR,2022-07-12 00:57:14,-24.7911,-50.0119,66.36,53,100,13.15
52,Bennettsville,US,2022-07-12 00:57:15,34.6174,-79.6848,77.95,83,100,0.0
53,Ngorongoro,TZ,2022-07-12 00:57:16,-3.2397,35.4875,46.11,92,85,7.14
54,Mount Isa,AU,2022-07-12 00:57:19,-20.7333,139.5,58.77,31,5,14.97
55,Sinnamary,GF,2022-07-12 00:57:22,5.3833,-52.95,78.19,85,97,7.85
56,Lebu,CL,2022-07-12 00:57:22,-37.6167,-73.65,48.18,80,100,15.68
57,Bethel,US,2022-07-12 00:55:44,41.3712,-73.414,74.64,67,0,9.73
58,Kapaa,US,2022-07-12 00:56:08,22.0752,-159.319,85.98,72,99,7.0
59,Chicama,PE,2022-07-12 00:57:25,-7.8447,-79.1469,59.54,82,15,5.64
60,Katobu,ID,2022-07-12 00:57:26,-4.9408,122.5276,79.7,76,90,4.56
61,Tazovskiy,RU,2022-07-12 00:56:10,67.4667,78.7,48.22,66,12,10.16
62,Cherskiy,RU,2022-07-12 00:57:27,68.75,161.3,78.42,33,91,13.06
63,Pevek,RU,2022-07-12 00:57:28,69.7008,170.3133,49.26,56,66,3.76
64,Jonkoping,SE,2022-07-12 00:57:29,57.7814,14.1562,48.38,93,0,3.44
65,Qostanay,KZ,2022-07-12 00:57:29,53.1667,63.5833,70.09,78,0,8.95
66,Dunedin,NZ,2022-07-12 00:57:30,-45.8742,170.5036,47.8,86,100,17.0
67,Wonthaggi,AU,2022-07-12 00:57:30,-38.6044,145.5913,48.81,90,100,7.18
68,Chuy,UY,2022-07-12 00:57:32,-33.6971,-53.4616,49.82,92,100,16.33
69,Yulara,AU,2022-07-12 00:57:33,-25.2406,130.9889,55.63,53,0,16.2
70,Daru,PG,2022-07-12 00:57:34,-9.0763,143.2092,79.25,84,88,14.29
71,Avarua,CK,2022-07-12 00:57:35,-21.2078,-159.775,77.05,61,100,5.75
72,Kirakira,SB,2022-07-12 00:57:35,-10.4544,161.9205,85.12,65,3,6.11
73,Kodiak,US,2022-07-12 00:57:36,57.79,-152.4072,60.85,78,23,6.49
74,Port Alfred,ZA,2022-07-12 00:57:37,-33.5906,26.891,57.06,73,0,9.6
75,Prieska,ZA,2022-07-12 00:57:37,-29.6641,22.7474,45.9,67,0,2.59
76,Severo-Kurilsk,RU,2022-07-12 00:57:38,50.6789,156.125,59.97,84,23,6.98
77,Horqueta,PY,2022-07-12 00:57:39,-23.3428,-57.0597,65.17,74,100,11.99
78,Portland,US,2022-07-12 00:55:33,45.5234,-122.6762,97.56,38,91,8.01
79,Tuktoyaktuk,CA,2022-07-12 00:57:42,69.4541,-133.0374,48.2,93,100,5.75
80,Saint-Philippe,RE,2022-07-12 00:57:43,-21.3585,55.7679,65.21,76,56,15.48
81,Cairo,EG,2022-07-12 00:54:46,30.0626,31.2497,75.96,78,0,6.91
82,Meulaboh,ID,2022-07-12 00:57:44,4.1363,96.1285,75.76,87,100,6.85
83,Kupang,ID,2022-07-12 00:57:45,-10.1667,123.5833,79.45,60,32,14.81
84,Bacolod,PH,2022-07-12 00:57:32,10.6667,122.95,80.08,86,100,9.75
85,Tokur,RU,2022-07-12 00:57:48,53.1333,132.9,67.91,65,100,1.59
86,Cidreira,BR,2022-07-12 00:57:49,-30.1811,-50.2056,65.55,85,100,9.53
87,Jamestown,US,2022-07-12 00:57:50,42.097,-79.2353,78.94,63,25,1.01
88,Beinamar,TD,2022-07-12 00:58:51,8.6698,15.3813,73.76,86,100,4.05
89,Padang,ID,2022-07-12 00:57:59,-0.9492,100.3543,75.25,81,71,2.82
90,Saryg-Sep,RU,2022-07-12 00:58:52,51.5,95.6,64.6,44,100,2.33
91,Ancud,CL,2022-07-12 00:58:53,-41.8697,-73.8203,44.22,91,100,25.43
92,Faanui,PF,2022-07-12 00:55:39,-16.4833,-151.75,78.17,73,1,8.03
93,Namatanai,PG,2022-07-12 00:58:55,-3.6667,152.4333,85.28,66,11,9.33
94,Qaanaaq,GL,2022-07-12 00:58:56,77.484,-69.3632,43.12,80,89,3.87
95,Talnakh,RU,2022-07-12 00:58:30,69.4865,88.3972,47.21,56,46,20.49
96,Naze,JP,2022-07-12 00:58:58,28.3667,129.4833,83.32,77,89,7.63
97,Dikson,RU,2022-07-12 00:58:59,73.5069,80.5464,37.54,93,100,7.18
98,Hofn,IS,2022-07-12 00:59:01,64.2539,-15.2082,53.1,85,100,11.23
99,Yellowknife,CA,2022-07-12 00:58:48,62.456,-114.3525,73.92,46,20,10.36
100,Narsaq,GL,2022-07-12 00:59:04,60.9167,-46.05,41.63,90,31,4.16
101,Mmathubudukwane,BW,2022-07-12 00:59:05,-24.6,26.4333,52.65,33,0,5.01
102,Belaya Gora,RU,2022-07-12 00:59:08,68.5333,146.4167,75.47,53,97,6.71
103,Mataura,NZ,2022-07-12 00:59:10,-46.1927,168.8643,45.48,87,100,10.6
104,Calatayud,ES,2022-07-12 00:57:39,41.3535,-1.6432,76.82,48,4,1.97
105,Tuatapere,NZ,2022-07-12 00:59:12,-46.1333,167.6833,46.09,78,100,10.63
106,Carnarvon,AU,2022-07-12 00:59:12,-24.8667,113.6333,65.52,52,0,8.77
107,Esperance,AU,2022-07-12 00:59:14,-33.8667,121.9,54.36,70,0,16.4
108,Fortuna,US,2022-07-12 00:59:15,40.5982,-124.1573,77.86,69,20,3.0
109,Victoria,HK,2022-07-12 00:57:51,22.2855,114.1577,89.96,80,6,5.99
110,Sungairaya,ID,2022-07-12 00:59:16,0.7,108.9,81.84,81,100,2.55
111,Luderitz,NA,2022-07-12 00:59:17,-26.6481,15.1594,55.2,68,0,14.81
112,Miandrivazo,MG,2022-07-12 00:59:18,-19.5167,45.4667,63.39,63,0,4.9
113,Karasjok,NO,2022-07-12 00:59:19,69.4719,25.5112,57.4,86,100,2.53
114,Port Moresby,PG,2022-07-12 00:58:55,-9.4431,147.1797,85.42,66,20,8.05
115,Tucuman,AR,2022-07-12 00:59:22,-26.8241,-65.2226,44.6,49,0,3.44
116,Saldanha,ZA,2022-07-12 00:59:22,-33.0117,17.9442,53.65,84,23,7.83
117,Yar-Sale,RU,2022-07-12 00:59:23,66.8333,70.8333,52.81,61,73,3.11
118,Atuona,PF,2022-07-12 00:59:24,-9.8,-139.0333,77.43,74,18,16.91
119,Broken Hill,AU,2022-07-12 00:59:25,-31.95,141.4333,50.61,63,99,7.47
120,Dalbandin,PK,2022-07-12 00:59:26,28.8947,64.4101,81.84,51,100,6.33
121,Gornopravdinsk,RU,2022-07-12 00:59:26,60.05,69.9,61.0,70,100,4.16
122,Kerema,PG,2022-07-12 00:59:34,-7.9631,145.7785,82.94,73,10,6.69
123,Isahaya,JP,2022-07-12 00:59:28,32.8411,130.0431,83.53,79,75,4.61
124,Palana,RU,2022-07-12 00:59:36,59.1167,159.9667,57.11,79,75,6.49
125,Nantucket,US,2022-07-12 00:59:37,41.2835,-70.0995,70.0,85,0,17.6
126,Touros,BR,2022-07-12 00:59:37,-5.1989,-35.4608,74.46,90,66,10.16
127,Durres,AL,2022-07-12 00:59:39,41.3231,19.4414,60.98,58,0,6.49
128,Barinas,VE,2022-07-12 00:59:39,8.6226,-70.2075,82.44,74,52,5.75
129,Port Elizabeth,ZA,2022-07-12 00:59:40,-33.918,25.5701,55.69,79,0,11.5
130,Warah,PK,2022-07-12 00:59:42,27.4481,67.7978,90.28,64,4,4.9
131,Urumqi,CN,2022-07-12 01:00:50,43.801,87.6005,76.15,29,0,13.42
132,Kavaratti,IN,2022-07-12 01:00:51,10.5669,72.642,81.48,77,100,18.12
133,Cabo San Lucas,MX,2022-07-12 01:00:52,22.8909,-109.9124,89.62,62,53,12.8
134,Doha,QA,2022-07-12 00:58:47,25.2867,51.5333,91.38,70,0,5.75
135,Qandala,SO,2022-07-12 01:00:54,11.472,49.8728,84.33,51,90,13.04
136,Iqaluit,CA,2022-07-12 01:00:55,63.7506,-68.5145,53.85,48,100,3.83
137,Bluefield,US,2022-07-12 01:00:56,37.2698,-81.2223,71.78,80,0,3.42
138,Puerto Ayora,EC,2022-07-12 01:00:57,-0.7393,-90.3518,70.56,88,61,7.0
139,Lake City,US,2022-07-12 01:01:00,30.1897,-82.6393,78.51,85,99,3.94
140,Bengkulu,ID,2022-07-12 00:58:07,-3.8004,102.2655,76.59,85,17,3.62
141,Cloquet,US,2022-07-12 01:01:01,46.7216,-92.4594,67.59,85,100,11.5
142,Rio Grande,BR,2022-07-12 01:01:03,-32.035,-52.0986,53.83,93,100,22.19
143,Sept-Iles,CA,2022-07-12 01:01:04,50.2001,-66.3821,56.05,96,100,9.22
144,Chulman,RU,2022-07-12 01:01:05,56.8479,124.9104,61.57,83,100,4.56
145,Mrakovo,RU,2022-07-12 01:01:06,52.7161,56.6244,62.67,91,0,3.85
146,Manaus,BR,2022-07-12 00:56:50,-3.1019,-60.025,82.89,74,20,3.44
147,Lavrentiya,RU,2022-07-12 01:00:01,65.5833,-171.0,43.2,93,100,2.93
148,Hilo,US,2022-07-12 00:56:24,19.7297,-155.09,85.28,76,89,5.01
149,Huarmey,PE,2022-07-12 01:01:09,-10.0681,-78.1522,62.22,85,3,10.54
150,Bilibino,RU,2022-07-12 01:01:10,68.0546,166.4372,71.76,39,100,4.63
151,Urengoy,RU,2022-07-12 01:01:11,65.9667,78.3667,54.1,55,6,12.84
152,Paamiut,GL,2022-07-12 01:01:20,61.994,-49.6678,39.11,94,44,11.36
153,Gigmoto,PH,2022-07-12 01:01:26,13.7796,124.39,83.48,79,100,3.83
154,Kruisfontein,ZA,2022-07-12 01:01:27,-34.0033,24.7314,50.2,80,0,6.26
155,New Norfolk,AU,2022-07-12 01:01:29,-42.7826,147.0587,52.92,68,32,1.03
156,Polunochnoye,RU,2022-07-12 01:01:30,60.8697,60.4153,63.64,84,20,3.53
157,Carayao,PY,2022-07-12 01:01:31,-25.1833,-56.4,62.78,96,100,8.61
158,Khasan,RU,2022-07-12 01:01:31,42.4308,130.6434,68.81,87,100,4.38
159,Sun City West,US,2022-07-12 01:01:32,33.662,-112.3413,114.1,13,20,19.57
160,Ketchikan,US,2022-07-12 01:01:34,55.3422,-131.6461,57.15,73,88,4.61
161,Zarichne,UA,2022-07-12 01:01:34,51.8126,26.129,51.66,89,100,8.95
162,Constitucion,CL,2022-07-12 01:01:35,-35.3333,-72.4167,47.79,83,30,1.81
163,Souillac,MU,2022-07-12 01:00:34,-20.5167,57.5167,69.84,65,0,16.24
164,Monforte De Lemos,ES,2022-07-12 01:01:36,42.5216,-7.5142,66.67,77,5,1.54
165,Macusani,PE,2022-07-12 01:01:37,-14.0833,-70.4333,36.45,83,18,3.78
166,Tikhvin,RU,2022-07-12 01:01:38,59.6451,33.5294,62.22,98,47,5.41
167,Honiara,SB,2022-07-12 01:00:06,-9.4333,159.95,87.1,59,3,5.79
168,Laguna,US,2022-07-12 01:01:39,38.421,-121.4238,104.45,27,0,13.8
169,Warmbad,NA,2022-07-12 01:00:20,-28.45,18.7333,50.13,55,0,8.05
170,East London,ZA,2022-07-12 00:57:49,-33.0153,27.9116,58.33,71,0,6.8
171,Nanortalik,GL,2022-07-12 01:01:42,60.1432,-45.2371,41.0,90,99,10.18
172,Port Blair,IN,2022-07-12 01:01:43,11.6667,92.75,82.02,82,100,20.02
173,Miri,MY,2022-07-12 01:01:44,4.4148,114.0089,80.06,73,100,4.03
174,Mocuba,MZ,2022-07-12 01:01:45,-16.8392,36.9856,61.3,95,9,3.76
175,Pontianak,ID,2022-07-12 01:01:46,-0.0333,109.3333,78.78,88,20,0.0
176,Butte,US,2022-07-12 01:01:28,39.6499,-121.5677,103.91,21,0,7.92
177,Gat,IL,2022-07-12 01:01:47,31.61,34.7642,74.08,81,0,0.36
178,Nikolskoye,RU,2022-07-12 01:02:48,59.7035,30.7861,62.8,99,99,7.49
179,Kungurtug,RU,2022-07-12 01:02:49,50.5994,97.5228,60.42,55,48,0.74
180,Kirillov,RU,2022-07-12 01:02:50,59.863,38.3813,61.95,94,2,7.7
181,Tisul,RU,2022-07-12 01:02:51,55.7611,88.3122,59.32,66,0,2.44
182,Ambilobe,MG,2022-07-12 01:02:52,-13.2,49.05,63.63,77,5,3.62
183,Poum,NC,2022-07-12 01:02:53,-20.2333,164.0167,73.87,70,89,5.48
184,Port Hardy,CA,2022-07-12 01:02:54,50.6996,-127.4199,59.02,96,100,7.61
185,Aykhal,RU,2022-07-12 01:02:54,66.0,111.5,47.53,89,100,5.73
186,Tam Ky,VN,2022-07-12 01:02:55,15.5667,108.4833,83.08,76,24,2.62
187,Taguatinga,BR,2022-07-12 01:02:56,-12.3857,-46.5711,69.58,40,0,5.86
188,Knoxville,US,2022-07-12 01:02:57,35.9606,-83.9207,80.89,81,0,0.0
189,Thompson,CA,2022-07-12 01:02:58,55.7435,-97.8558,67.57,57,86,8.05
190,Gazanjyk,TM,2022-07-12 01:02:58,39.2446,55.5154,78.89,24,0,12.12
191,Bardiyah,LY,2022-07-12 01:02:59,31.7561,25.0865,75.06,67,0,6.98
192,Georgetown,MY,2022-07-12 01:03:00,5.4112,100.3354,78.73,95,40,1.14
193,Galle,LK,2022-07-12 01:03:01,6.0367,80.217,79.38,83,94,12.97
194,Mayo,US,2022-07-12 01:03:02,38.8876,-76.5119,77.95,67,0,5.75
195,Ponta Delgada,PT,2022-07-12 01:01:06,37.7333,-25.6667,71.51,77,40,5.75
196,Fort Nelson,CA,2022-07-12 01:03:04,58.8053,-122.7002,72.39,36,19,5.7
197,San Quintin,MX,2022-07-12 01:03:05,30.4833,-115.95,69.15,75,53,14.65
198,Road Town,VG,2022-07-12 01:01:28,18.4167,-64.6167,82.44,78,40,12.66
199,Morristown,US,2022-07-12 01:03:06,36.214,-83.2949,79.5,76,0,0.0
200,Axim,GH,2022-07-12 00:59:05,4.8699,-2.2405,75.7,84,100,10.54
201,Karlsruhe,DE,2022-07-12 01:00:16,49.0047,8.3858,64.92,74,100,3.91
202,Lompoc,US,2022-07-12 01:03:09,34.6391,-120.4579,85.01,80,0,13.8
203,Bay City,US,2022-07-12 01:03:10,43.5945,-83.8889,77.32,77,75,12.66
204,Konevo,RU,2022-07-12 01:03:10,62.1215,39.3192,61.54,92,24,4.63
205,Torbay,CA,2022-07-12 01:03:11,47.6666,-52.7314,62.28,67,91,7.0
206,Chunskiy,RU,2022-07-12 00:59:38,56.0815,99.6342,61.16,86,84,4.38
207,Rundu,NA,2022-07-12 01:03:19,-17.9333,19.7667,52.07,52,4,5.46
208,Sobolevo,RU,2022-07-12 01:03:19,54.4299,31.8996,59.79,98,100,11.45
209,Izhevskoye,RU,2022-07-12 01:03:22,54.5567,40.8703,67.51,76,100,12.68
210,Itoman,JP,2022-07-12 01:03:23,26.1247,127.6694,86.4,79,75,4.61
211,Balancan,MX,2022-07-12 01:03:23,17.8,-91.5333,84.6,68,100,3.85
212,San Patricio,US,2022-07-12 01:03:24,28.017,-97.5169,93.18,49,12,14.65
213,Airai,TL,2022-07-12 01:03:25,-8.9266,125.4092,62.51,73,71,3.62
214,Shelburne,CA,2022-07-12 01:03:26,44.0787,-80.2041,72.23,50,100,15.35
215,Thinadhoo,MV,2022-07-12 01:03:27,0.5333,72.9333,81.64,73,93,6.42
216,Tual,ID,2022-07-12 01:03:29,-5.6667,132.75,79.11,80,100,18.12
217,Bowen,AU,2022-07-12 01:03:30,-20.0167,148.2333,67.78,68,90,3.71
218,Saint-Pierre,RE,2022-07-12 01:03:31,-21.3393,55.4781,69.91,73,0,6.91
219,Hobyo,SO,2022-07-12 01:03:31,5.3505,48.5268,76.51,78,81,18.92
220,Neustadt,DE,2022-07-12 01:00:44,49.7117,12.0872,56.28,88,83,2.84
221,Zhangye,CN,2022-07-12 01:01:02,38.9342,100.4517,78.73,40,13,6.93
222,Bukoba,TZ,2022-07-12 01:00:18,-1.3317,31.8122,69.44,65,96,10.51
223,Brits,ZA,2022-07-12 01:03:35,-25.6347,27.7802,50.59,32,0,2.84
224,Luklukan,PH,2022-07-12 01:04:36,14.3254,122.7124,82.44,86,100,5.03
225,Salalah,OM,2022-07-12 01:04:37,17.0151,54.0924,77.09,94,100,9.22
226,Kawalu,ID,2022-07-12 01:04:38,-7.3817,108.2082,75.52,88,57,2.17
227,Vila Franca Do Campo,PT,2022-07-12 01:04:40,37.7167,-25.4333,71.2,88,100,7.54
228,Abong Mbang,CM,2022-07-12 01:04:42,3.9833,13.1833,66.61,96,100,2.01
229,Santa Maria,BR,2022-07-12 01:01:46,-29.6842,-53.8069,53.02,93,100,11.12
230,Srednekolymsk,RU,2022-07-12 01:04:43,67.45,153.6833,89.13,38,41,11.68
231,Altamont,US,2022-07-12 01:02:08,42.2068,-121.7372,94.89,15,0,5.99
232,Grindavik,IS,2022-07-12 01:03:04,63.8424,-22.4338,52.27,93,75,12.66
233,Ilulissat,GL,2022-07-12 01:04:52,69.2167,-51.1,36.52,88,30,3.11
234,Edmonton,CA,2022-07-12 01:04:25,53.5501,-113.4687,76.15,65,0,5.35
235,Hithadhoo,MV,2022-07-12 01:04:53,-0.6,73.0833,82.2,74,19,7.45
236,Port-Cartier,CA,2022-07-12 01:04:54,50.0334,-66.8654,55.74,99,100,7.31
237,Black Diamond,US,2022-07-12 01:04:55,47.3087,-122.0032,87.37,45,8,3.0
238,Aswan,EG,2022-07-12 01:04:56,24.0934,32.907,87.12,29,6,14.56
239,Camana,PE,2022-07-12 01:04:57,-16.6228,-72.7111,60.94,85,98,10.85
240,Manggar,ID,2022-07-12 01:04:58,-2.8833,108.2667,83.23,78,91,7.87
241,Amli,IN,2022-07-12 01:04:59,20.2833,73.0167,75.74,96,100,9.37
242,Asuncion,PY,2022-07-12 01:04:59,-25.3007,-57.6359,60.24,88,100,20.71
243,Hambantota,LK,2022-07-12 01:04:08,6.1241,81.1185,75.54,94,40,3.44
244,Sarandi,BR,2022-07-12 01:04:04,-23.4436,-51.8739,67.8,47,100,8.84
245,Disna,BY,2022-07-12 01:05:02,55.568,28.1971,57.61,98,100,15.17
246,Umtata,ZA,2022-07-12 01:02:23,-31.5889,28.7844,46.42,67,0,3.11
247,Khani,GE,2022-07-12 01:05:04,41.9563,42.9566,60.37,98,99,0.63
248,New Haven,US,2022-07-12 01:05:05,41.4001,-72.9329,74.19,70,0,9.22
249,Caravelas,BR,2022-07-12 01:05:05,-17.7125,-39.2481,69.67,92,2,5.19
250,Salta,AR,2022-07-12 01:05:06,-24.7859,-65.4117,42.58,61,0,1.99
251,Beringovskiy,RU,2022-07-12 01:00:45,63.05,179.3167,49.44,85,34,7.43
252,Ati,TD,2022-07-12 01:05:07,13.2154,18.3353,89.44,33,100,8.57
253,Pochutla,MX,2022-07-12 01:05:08,15.7432,-96.4661,80.82,85,100,4.54
254,Slave Lake,CA,2022-07-12 01:04:32,55.2834,-114.769,71.06,45,3,8.03
255,Denpasar,ID,2022-07-12 01:05:09,-8.65,115.2167,80.26,88,40,18.41
256,Bugiri,UG,2022-07-12 01:05:10,0.5714,33.7417,65.73,76,86,1.5
257,Kavieng,PG,2022-07-12 01:05:11,-2.5744,150.7967,84.85,69,40,11.86
258,Phalaborwa,ZA,2022-07-12 01:05:12,-23.943,31.1411,60.4,62,5,7.47
259,Teguldet,RU,2022-07-12 01:05:13,57.3064,88.1667,62.42,62,25,3.85
260,Los Llanos De Aridane,ES,2022-07-12 01:04:38,28.6585,-17.9182,69.55,92,75,14.97
261,Krasnyy Chikoy,RU,2022-07-12 01:05:14,50.3643,108.7512,59.11,84,93,0.83
262,Marsala,IT,2022-07-12 01:01:42,37.7966,12.4352,74.93,70,0,9.22
263,Mandurah,AU,2022-07-12 01:05:16,-32.55,115.7,53.91,67,1,11.25
264,Muros,ES,2022-07-12 01:01:44,42.7762,-9.0603,69.55,65,0,6.8
265,Norman Wells,CA,2022-07-12 01:05:17,65.282,-126.8329,72.18,53,100,6.46
266,La Union,PE,2022-07-12 01:05:18,-5.4,-80.75,64.89,73,9,16.46
267,Nsanje,MW,2022-07-12 01:05:19,-16.92,35.262,67.08,80,99,3.18
268,Codrington,AU,2022-07-12 01:05:19,-38.2667,141.9667,52.05,70,95,2.77
269,Novodugino,RU,2022-07-12 01:02:34,55.6305,34.2842,62.38,92,100,17.52
270,Eenhana,NA,2022-07-12 01:05:21,-17.4667,16.3333,55.76,40,0,9.13
271,Kjollefjord,NO,2022-07-12 01:05:21,70.9457,27.3465,51.62,93,20,1.14
272,Nuuk,GL,2022-07-12 01:05:01,64.1835,-51.7216,38.01,93,100,3.44
273,Adrar,MR,2022-07-12 01:05:22,20.5022,-10.0711,95.45,10,5,5.79
274,Solton,RU,2022-07-12 01:06:23,52.8429,86.4787,61.93,76,0,5.61
275,Okhotsk,RU,2022-07-12 01:06:24,59.3833,143.3,63.07,87,95,4.52
276,Bani,DO,2022-07-12 01:06:25,18.2833,-70.3333,82.85,85,91,7.67
277,Skibbereen,IE,2022-07-12 01:06:26,51.55,-9.2667,64.11,81,100,5.88
278,Tolbazy,RU,2022-07-12 01:03:28,54.0241,55.8825,65.03,83,0,3.91
279,Willmar,US,2022-07-12 01:06:27,45.1219,-95.0433,80.55,47,40,17.27
280,Pionerskiy,RU,2022-07-12 01:06:27,54.9508,20.2275,62.74,80,100,19.69
281,Rawson,AR,2022-07-12 01:06:28,-43.3002,-65.1023,39.4,66,0,10.76
282,Lorengau,PG,2022-07-12 01:06:29,-2.0226,147.2712,82.53,80,29,11.27
283,Llano De Piedra,PA,2022-07-12 01:06:30,7.6667,-80.5667,76.89,99,99,2.48
284,Kosonsoy,UZ,2022-07-12 01:06:31,41.2561,71.5508,66.76,42,0,8.39
285,Port Lincoln,AU,2022-07-12 01:06:32,-34.7333,135.8667,57.36,63,6,15.23
286,Karratha,AU,2022-07-12 01:04:39,-20.7377,116.8463,68.04,28,0,15.12
287,Ballina,AU,2022-07-12 01:06:33,-28.8667,153.5667,64.02,77,90,3.83
288,Biltine,TD,2022-07-12 01:06:34,14.5333,20.9167,89.06,24,100,5.97
289,Una,IN,2022-07-12 01:06:35,20.8167,71.0333,79.66,86,100,16.69
290,Mehamn,NO,2022-07-12 01:06:36,71.0357,27.8492,51.75,93,20,1.14
291,La Rioja,ES,2022-07-12 01:06:37,42.25,-2.5,64.18,48,0,5.64
292,Russell,US,2022-07-12 01:06:38,32.3502,-85.1999,79.83,83,100,4.61
293,Upernavik,GL,2022-07-12 01:06:39,72.7868,-56.1549,39.04,86,34,5.41
294,Sokoto,NG,2022-07-12 01:04:30,13.0609,5.239,83.41,62,37,9.51
295,Kattivakkam,IN,2022-07-12 01:06:41,13.2167,80.3167,82.49,80,100,12.48
296,Luanda,AO,2022-07-12 01:04:46,-8.8368,13.2343,68.0,94,20,5.75
297,Kiama,AU,2022-07-12 01:06:44,-34.6833,150.8667,58.37,72,100,1.23
298,Topolovgrad,BG,2022-07-12 01:04:12,42.0833,26.3333,60.53,50,11,5.75
299,Lyantonde,UG,2022-07-12 01:06:47,-0.4031,31.1572,65.41,60,100,3.38
300,Sitka,US,2022-07-12 01:06:47,57.0531,-135.33,55.29,82,100,3.44
301,College,US,2022-07-12 01:06:49,64.8569,-147.8028,76.95,67,100,10.36
302,Havelock,US,2022-07-12 01:06:50,34.8791,-76.9013,78.8,90,100,4.61
303,Hamilton,US,2022-07-12 01:06:50,39.1834,-84.5333,82.99,68,0,5.75
304,North Augusta,US,2022-07-12 01:06:52,33.5018,-81.9651,79.11,84,100,5.75
305,Champerico,GT,2022-07-12 01:06:52,14.3,-91.9167,82.83,73,99,2.77
306,Chateaubelair,VC,2022-07-12 01:06:53,13.2833,-61.25,79.47,83,100,15.21
307,Dakar,SN,2022-07-12 01:06:54,14.6937,-17.4441,79.68,83,15,8.86
308,Puerto Leguizamo,CO,2022-07-12 01:06:54,-0.1934,-74.7819,72.12,98,93,2.77
309,Comodoro Rivadavia,AR,2022-07-12 01:06:55,-45.8667,-67.5,39.06,65,0,13.8
310,Boa Vista,BR,2022-07-12 01:03:39,2.8197,-60.6733,80.58,78,40,2.3
311,Amga,RU,2022-07-12 01:06:58,60.8953,131.9608,75.45,60,100,3.56
312,Loei,TH,2022-07-12 01:07:01,17.4167,101.5,65.08,98,100,2.17
313,Gingoog,PH,2022-07-12 01:07:03,8.8243,125.1042,87.1,65,99,1.99
314,Vidnoye,RU,2022-07-12 01:07:04,55.5524,37.7097,71.65,64,0,11.18
315,Oistins,BB,2022-07-12 01:07:04,13.0667,-59.5333,82.49,78,75,21.85
316,Gladstone,AU,2022-07-12 01:07:05,-23.85,151.25,64.78,67,75,4.61
317,Kuala Terengganu,MY,2022-07-12 01:07:06,5.3302,103.1408,79.45,81,100,4.25
318,Krasnoselkup,RU,2022-07-12 01:07:07,65.7,82.4667,52.39,56,7,15.84
319,Longonjo,AO,2022-07-12 01:07:08,-12.9067,15.2533,55.81,43,0,2.37
320,Salem,IN,2022-07-12 01:03:42,11.65,78.1667,72.93,89,100,3.27
321,Bayan,CN,2022-07-12 01:06:42,46.0833,127.4,78.33,63,8,8.3
322,Bambous Virieux,MU,2022-07-12 01:08:12,-20.3428,57.7575,70.21,63,3,18.92
323,Nemuro,JP,2022-07-12 01:08:13,43.3236,145.575,61.32,98,98,5.97
324,Taltal,CL,2022-07-12 01:08:14,-25.4,-70.4833,58.95,67,0,1.79
325,Margate,GB,2022-07-12 01:08:15,51.3813,1.3862,67.3,89,100,1.99
326,Peterhead,GB,2022-07-12 01:05:04,57.5058,-1.7981,66.6,81,100,14.74
327,Kalmunai,LK,2022-07-12 01:08:16,7.4167,81.8167,79.66,63,100,3.6
328,Saint Anthony,US,2022-07-12 01:08:18,45.0205,-93.218,76.48,60,20,27.63
329,Hasaki,JP,2022-07-12 01:04:21,35.7333,140.8333,82.29,83,100,4.12
330,Plettenberg Bay,ZA,2022-07-12 01:08:20,-34.0527,23.3716,54.91,68,1,5.28
331,Tampin,MY,2022-07-12 01:08:21,2.4701,102.2302,76.95,90,100,1.25
332,Faya,SA,2022-07-12 01:08:22,18.3851,42.4509,64.92,51,100,2.48
333,Progreso,MX,2022-07-12 01:03:59,21.2833,-89.6667,86.11,77,100,12.75
334,Hukuntsi,BW,2022-07-12 01:08:26,-24.0,21.75,51.85,38,0,8.43
335,Katherine,AU,2022-07-12 01:08:27,-14.4667,132.2667,68.32,24,83,16.11
336,Gunjur,GM,2022-07-12 01:03:57,13.2019,-16.7339,78.69,83,55,7.16
337,Clarence Town,AU,2022-07-12 01:08:29,-32.5833,151.7833,61.14,77,100,2.82
338,Catamarca,AR,2022-07-12 01:04:18,-28.4696,-65.7852,42.76,44,0,2.04
339,Swan River,CA,2022-07-12 01:08:30,52.1058,-101.2676,68.16,76,9,9.82
340,Lukang,TW,2022-07-12 01:08:31,24.0567,120.4352,92.44,67,47,6.15
341,Coquimbo,CL,2022-07-12 01:03:55,-29.9533,-71.3436,56.16,78,0,6.69
342,Bubaque,GW,2022-07-12 01:08:33,11.2833,-15.8333,79.68,84,13,12.41
343,Bratsk,RU,2022-07-12 01:03:41,56.1325,101.6142,59.49,91,88,7.52
344,Bay Roberts,CA,2022-07-12 01:08:34,47.5999,-53.2648,62.15,74,90,5.99
345,Cochrane,CA,2022-07-12 01:03:37,51.1834,-114.4687,75.9,53,0,12.1
346,Labuhan,ID,2022-07-12 01:08:35,-6.8844,112.2051,79.95,78,1,6.26
347,Spring Hill,US,2022-07-12 01:08:36,28.4769,-82.5255,84.02,79,0,8.05
348,Coatzintla,MX,2022-07-12 01:08:38,20.4833,-97.45,83.03,70,100,10.38
349,Lagos,NG,2022-07-12 01:08:39,6.5833,3.75,74.59,93,100,4.7
350,Ranong,TH,2022-07-12 01:08:39,9.9658,98.6348,78.19,92,100,19.51
351,Carrascal,PH,2022-07-12 01:08:40,9.3703,125.9492,85.57,65,98,1.12
352,Bandarbeyla,SO,2022-07-12 01:08:41,9.4942,50.8122,80.1,61,70,24.4
353,Alta Floresta,BR,2022-07-12 01:08:42,-9.8756,-56.0861,72.61,46,94,1.34
354,Atar,MR,2022-07-12 01:08:43,20.5169,-13.0499,93.63,26,6,8.3
355,Kudahuvadhoo,MV,2022-07-12 01:08:44,2.6708,72.8944,81.14,71,100,1.32
356,Churapcha,RU,2022-07-12 01:08:45,62.0025,132.4325,71.55,67,69,1.43
357,Zhigansk,RU,2022-07-12 01:08:46,66.7697,123.3711,64.65,68,28,11.7
358,Ahipara,NZ,2022-07-12 01:08:47,-35.1667,173.1667,59.58,86,8,18.32
359,Oreoi,GR,2022-07-12 01:08:47,38.95,23.1,73.81,54,5,2.8
360,Santa Cruz Del Sur,CU,2022-07-12 01:08:48,20.7147,-77.9956,81.21,75,51,4.07
361,Smolensk,RU,2022-07-12 01:08:49,55.0,33.0,61.97,97,100,13.29
362,Kholtoson,RU,2022-07-12 01:08:49,50.2981,103.3097,58.14,75,78,2.37
363,Cherbourg,FR,2022-07-12 01:08:51,49.6386,-1.6147,65.91,72,0,9.22
364,Kahului,US,2022-07-12 01:08:52,20.8947,-156.47,87.82,45,40,25.32
365,Peachland,CA,2022-07-12 01:08:53,49.7665,-119.7357,96.85,25,0,1.99
366,Petropavlovsk-Kamchatskiy,RU,2022-07-12 01:08:54,53.0452,158.6483,75.79,65,20,8.95
367,Sitangkai,PH,2022-07-12 01:08:56,4.6628,119.3928,83.97,73,65,12.39
368,Kanker,IN,2022-07-12 01:09:57,20.2719,81.4931,74.7,97,100,6.58
369,Rock Springs,US,2022-07-12 01:09:57,41.5875,-109.2029,87.24,10,0,14.97
370,Rocha,UY,2022-07-12 01:09:58,-34.4833,-54.3333,47.26,89,100,17.67
371,Cap Malheureux,MU,2022-07-12 01:09:59,-19.9842,57.6142,71.47,65,0,7.0
372,Tautira,PF,2022-07-12 01:10:00,-17.7333,-149.15,76.89,80,24,13.18
373,Tiksi,RU,2022-07-12 01:06:56,71.6872,128.8694,35.73,97,100,17.49
374,La Romana,DO,2022-07-12 01:05:03,18.4273,-68.9728,80.96,89,20,0.0
375,Hammerfest,NO,2022-07-12 01:10:03,70.6634,23.6821,57.65,77,9,2.3
376,Tupaciguara,BR,2022-07-12 01:05:34,-18.5922,-48.705,61.9,53,5,5.68
377,Sao Raimundo Nonato,BR,2022-07-12 01:10:06,-9.0153,-42.6994,72.57,47,17,1.57
378,Gwadar,PK,2022-07-12 01:10:07,25.1216,62.3254,82.78,85,86,11.23
379,Schramberg,DE,2022-07-12 01:10:07,48.224,8.3858,61.47,60,100,1.9
380,Lipin Bor,RU,2022-07-12 01:10:08,60.2622,37.9763,62.47,89,1,11.01
381,Korla,CN,2022-07-12 01:10:09,41.7597,86.1469,76.08,38,100,14.23
382,Chokwe,MZ,2022-07-12 01:10:09,-24.5333,32.9833,62.56,62,1,3.58
383,Saint-Joseph,RE,2022-07-12 01:10:10,-21.3667,55.6167,64.2,75,35,14.09
384,Manticao,PH,2022-07-12 01:10:11,8.4042,124.2867,83.91,67,100,1.14
385,Quincy,US,2022-07-12 01:10:12,42.2529,-71.0023,76.73,69,20,16.11
386,Bouar,CF,2022-07-12 01:10:13,5.934,15.596,64.85,97,100,1.72
387,Vao,NC,2022-07-12 01:10:14,-22.6667,167.4833,69.33,61,0,7.47
388,Kisangani,CD,2022-07-12 01:10:14,0.5167,25.2,70.97,93,78,2.15
389,Kaspi,GE,2022-07-12 01:10:15,41.9252,44.4257,66.29,90,70,6.15
390,Seddon,AU,2022-07-12 01:10:16,-37.8068,144.8916,51.21,91,100,5.75
391,Hualmay,PE,2022-07-12 01:10:17,-11.0964,-77.6139,61.16,83,80,10.63
392,Tura,IN,2022-07-12 01:10:17,25.5198,90.2201,79.27,82,0,3.85
393,Batemans Bay,AU,2022-07-12 01:10:18,-35.7167,150.1833,53.1,49,100,0.98
394,Chokurdakh,RU,2022-07-12 01:10:19,70.6333,147.9167,54.27,92,100,13.24
395,Bud,US,2022-07-12 01:10:19,39.447,-86.1758,82.42,82,22,7.45
396,Aksu,CN,2022-07-12 01:10:20,41.1231,80.2644,73.62,40,0,6.38
397,Elverum,NO,2022-07-12 01:10:21,60.8819,11.5623,51.24,87,78,1.52
398,Wagga Wagga,AU,2022-07-12 01:10:22,-35.1167,147.3667,48.85,67,100,0.63
399,Terme,TR,2022-07-12 01:06:44,41.2092,36.9739,64.33,89,18,7.16
400,Pangnirtung,CA,2022-07-12 01:10:23,66.1451,-65.7125,53.49,70,100,2.59
401,Khartoum,SD,2022-07-12 01:10:24,15.5518,32.5324,80.89,65,100,14.18
402,Vytegra,RU,2022-07-12 01:10:25,61.0064,36.4481,64.51,82,8,9.55
403,Barra Do Garcas,BR,2022-07-12 01:10:26,-15.89,-52.2567,68.27,43,25,1.74
404,Owasso,US,2022-07-12 01:10:26,36.2695,-95.8547,95.92,49,20,6.91
405,Ahvaz,IR,2022-07-12 01:06:21,31.3203,48.6693,94.14,15,84,7.29
406,Hellvik,NO,2022-07-12 01:10:28,59.9156,5.781,62.01,84,24,5.41
407,Mikhaylovka,RU,2022-07-12 01:10:29,50.06,43.2379,68.7,86,1,7.11
408,Saint-Denis,FR,2022-07-12 01:10:30,48.9167,2.3333,73.18,66,0,8.05
409,Provideniya,RU,2022-07-12 01:10:01,64.3833,-173.3,51.37,81,0,11.01
410,Waipawa,NZ,2022-07-12 01:10:31,-41.4122,175.5153,53.78,96,100,25.32
411,Broome,US,2022-07-12 01:10:32,42.2506,-75.833,79.7,59,0,8.99
412,Wajir,KE,2022-07-12 01:10:33,1.7471,40.0573,70.43,72,96,12.1
413,Manali,IN,2022-07-12 01:10:33,13.1667,80.2667,82.49,80,100,12.01
414,Sistranda,NO,2022-07-12 01:10:36,63.7256,8.834,57.16,86,20,10.2
415,Rybachiy,RU,2022-07-12 01:11:37,48.7073,44.7449,73.26,61,0,7.67
416,Khudumelapye,BW,2022-07-12 01:11:37,-23.8833,24.75,51.98,33,0,6.33
417,Marawi,PH,2022-07-12 01:11:38,7.9986,124.2928,79.56,63,98,1.5
418,George Town,MY,2022-07-12 01:11:39,5.4112,100.3354,78.73,95,40,1.14
419,Ginda,IN,2022-07-12 01:11:40,30.6945,78.4932,66.07,88,100,3.89
420,Mizdah,LY,2022-07-12 01:11:41,31.4451,12.9801,70.12,74,0,11.86
421,Dubuque,US,2022-07-12 01:11:41,42.4833,-90.8668,79.39,58,0,10.36
422,Lensk,RU,2022-07-12 01:11:42,60.7253,114.9278,67.35,65,100,1.92
423,Tshikapa,CD,2022-07-12 01:07:19,-6.4167,20.8,68.83,39,10,2.26
424,Borogontsy,RU,2022-07-12 01:11:44,62.6683,131.1683,71.71,60,48,1.05
425,Aklavik,CA,2022-07-12 01:11:45,68.2191,-135.0107,69.69,55,27,18.66
426,Alofi,NU,2022-07-12 01:09:25,-19.0595,-169.9187,78.69,73,75,12.66
427,Sao Miguel Do Araguaia,BR,2022-07-12 01:11:47,-13.275,-50.1628,72.19,43,6,3.22
428,Herre,NO,2022-07-12 01:11:48,59.1,9.5667,55.87,96,6,2.48
429,Conakry,GN,2022-07-12 01:11:48,9.538,-13.6773,78.08,83,100,4.5
430,Mogadishu,SO,2022-07-12 01:11:46,2.0371,45.3438,75.99,84,81,15.28
431,Tessalit,ML,2022-07-12 01:11:50,20.1986,1.0114,92.91,22,59,10.63
432,Maracacume,BR,2022-07-12 01:11:51,-2.0428,-45.9592,72.46,95,11,2.77
433,Lata,PT,2022-07-12 01:11:51,40.1629,-8.3327,64.08,50,100,3.8
434,Van,TR,2022-07-12 01:09:30,38.4924,43.3831,56.55,44,0,4.61
435,Chiknayakanhalli,IN,2022-07-12 01:11:53,13.4172,76.6228,68.65,86,100,12.75
436,Sao Gabriel Da Cachoeira,BR,2022-07-12 01:11:53,-0.1303,-67.0892,72.63,97,65,1.34
437,Mangrol,IN,2022-07-12 01:11:54,21.1167,70.1167,81.27,83,100,21.21
438,Kokopo,PG,2022-07-12 01:11:55,-4.352,152.2633,85.62,63,35,11.68
439,Kyaikkami,MM,2022-07-12 01:11:55,16.08,97.5675,78.17,88,100,7.83
440,Opuwo,NA,2022-07-12 01:07:34,-18.0607,13.84,58.48,39,0,5.68
441,Tirnavos,GR,2022-07-12 01:11:58,39.7389,22.2882,73.22,43,40,4.61
442,Orikum,AL,2022-07-12 01:11:58,40.3253,19.4714,71.11,59,0,7.58
443,Maniwaki,CA,2022-07-12 01:11:59,46.3834,-75.966,65.46,83,100,7.49
444,Panaba,MX,2022-07-12 01:12:00,21.2833,-88.2667,81.64,72,100,9.69
445,Yantal,RU,2022-07-12 01:12:01,56.8471,105.2542,60.78,86,100,2.17
446,Podborany,CZ,2022-07-12 01:12:01,50.2294,13.4119,56.91,85,2,4.97
447,Egvekinot,RU,2022-07-12 01:12:02,66.3167,-179.1667,50.9,71,96,4.12
448,Namibe,AO,2022-07-12 01:12:03,-15.1961,12.1522,64.24,89,0,6.06
449,Tromso,NO,2022-07-12 01:09:02,69.6496,18.957,54.37,87,100,0.0
450,Garden City,US,2022-07-12 01:12:04,42.3256,-83.331,82.89,63,75,13.8
451,Kimbe,PG,2022-07-12 01:12:05,-5.5502,150.1429,90.5,53,18,3.38
452,Hurghada,EG,2022-07-12 01:12:06,27.2574,33.8129,83.19,48,60,20.62
453,Choya,RU,2022-07-12 01:07:07,52.0108,86.5467,65.52,95,22,2.46
454,Moerai,PF,2022-07-12 01:12:07,-22.4333,-151.3333,71.89,67,88,13.09
455,Sao Filipe,CV,2022-07-12 01:12:08,14.8961,-24.4956,73.71,85,37,4.56
456,Mamou,GN,2022-07-12 01:12:09,10.5,-12.0,68.0,99,100,3.36
457,Bairiki,KI,2022-07-12 01:12:10,1.3292,172.9752,86.0,79,75,14.97
458,Grants Pass,US,2022-07-12 01:12:11,42.439,-123.3284,106.2,25,0,6.91
459,Seydi,TM,2022-07-12 01:12:11,39.4816,62.9137,78.26,29,0,10.56
460,Lodja,CD,2022-07-12 01:13:12,-3.4833,23.4333,70.38,42,14,0.67
461,Yarmouth,US,2022-07-12 01:13:14,41.7057,-70.2286,70.27,77,0,11.5
462,Yerbogachen,RU,2022-07-12 01:12:54,61.2767,108.0108,49.46,62,100,7.4
463,Saint-Max,FR,2022-07-12 01:13:16,48.7043,6.21,65.75,79,0,5.75
464,Vardo,NO,2022-07-12 01:13:17,70.3705,31.1107,48.18,100,100,2.3
465,Pisco,PE,2022-07-12 01:13:04,-13.7,-76.2167,61.02,82,40,10.36
466,Iskateley,RU,2022-07-12 01:13:19,67.6803,53.1512,64.78,83,100,6.29
467,Rexburg,US,2022-07-12 01:13:21,43.826,-111.7897,87.78,16,0,0.0
468,Bozoum,CF,2022-07-12 01:13:22,6.3193,16.3799,67.12,97,99,3.33
469,Mae Hong Son,TH,2022-07-12 01:13:23,19.3003,97.9685,77.29,93,100,0.65
470,San Onofre,CO,2022-07-12 01:13:24,9.7359,-75.5263,77.36,89,100,4.12
471,Kualakapuas,ID,2022-07-12 01:13:25,-3.0091,114.3876,79.61,85,29,3.38
472,La Ronge,CA,2022-07-12 01:13:27,55.1001,-105.2842,63.91,62,100,2.19
473,Nanlong,CN,2022-07-12 01:13:28,31.3533,106.0631,85.5,75,100,2.82
474,Nisia Floresta,BR,2022-07-12 01:13:28,-6.0911,-35.2086,74.21,94,96,6.42
475,Acapulco,MX,2022-07-12 01:13:37,16.8634,-99.8901,84.02,79,75,6.91
476,Yinchuan,CN,2022-07-12 01:13:38,38.4681,106.2731,78.96,51,100,2.19
477,San Carlos De Bariloche,AR,2022-07-12 01:13:43,-41.1456,-71.3082,37.15,81,75,19.57
478,Omboue,GA,2022-07-12 01:13:48,-1.5746,9.2618,69.1,91,100,6.29
479,Dali,CN,2022-07-12 01:13:50,25.7,100.1833,66.6,89,79,3.67
480,Beloha,MG,2022-07-12 01:13:52,-25.1667,45.05,61.48,76,0,4.25
481,Puerto Ayacucho,VE,2022-07-12 01:13:53,5.6639,-67.6236,75.61,91,100,3.09
482,Cururupu,BR,2022-07-12 01:13:54,-1.8283,-44.8683,73.99,94,20,2.75
483,Port Hedland,AU,2022-07-12 01:13:54,-20.3167,118.5667,68.05,28,5,13.8
484,Arman,RU,2022-07-12 01:13:55,59.7,150.1667,82.02,67,18,5.82
485,Yakeshi,CN,2022-07-12 01:13:56,49.2833,120.7333,63.27,91,100,14.52
486,Ulladulla,AU,2022-07-12 01:13:57,-35.35,150.4667,54.46,54,100,2.17
487,York,US,2022-07-12 01:13:58,40.1254,-77.0,79.79,44,0,6.91
488,Veraval,IN,2022-07-12 01:13:07,20.9,70.3667,81.37,83,100,21.43
489,Olafsvik,IS,2022-07-12 01:14:02,64.8945,-23.7142,50.56,84,100,22.64
490,Lagoa,PT,2022-07-12 01:14:02,39.05,-27.9833,67.44,88,59,9.66
491,Petatlan,MX,2022-07-12 01:14:03,17.5167,-101.2667,81.99,80,94,4.5
492,Atikokan,CA,2022-07-12 01:14:04,48.7555,-91.6216,60.64,96,100,7.09
493,Redcar,GB,2022-07-12 01:14:05,54.6166,-1.06,68.52,66,100,5.01
494,Assiniboia,CA,2022-07-12 01:14:07,49.6334,-105.9845,77.32,36,44,11.7
495,Mitchell,US,2022-07-12 01:14:07,43.7094,-98.0298,80.58,45,0,10.36
496,Ostrovnoy,RU,2022-07-12 01:14:08,68.0531,39.5131,59.56,92,98,4.32
497,Ratnapura,LK,2022-07-12 01:14:10,6.6828,80.3992,75.58,95,99,2.71
498,Montepuez,MZ,2022-07-12 01:14:11,-13.1256,38.9997,59.7,97,21,4.12
499,Komsomolskiy,UZ,2022-07-12 01:14:12,40.4272,71.7189,74.12,38,20,4.61
500,Salinopolis,BR,2022-07-12 01:14:13,-0.6136,-47.3561,78.35,84,14,7.81
501,Bela Pod Bezdezem,CZ,2022-07-12 01:14:13,50.5012,14.8042,58.91,64,100,2.39
502,Guerrero Negro,MX,2022-07-12 01:14:14,27.9769,-114.0611,70.12,74,30,19.98
503,Lasa,IT,2022-07-12 01:14:15,46.6166,10.7002,60.37,86,6,4.74
504,Kaniama,CD,2022-07-12 01:14:16,-7.5667,24.1833,65.53,44,8,4.25
505,Hay River,CA,2022-07-12 01:14:17,60.8156,-115.7999,64.58,72,30,7.43
506,Gimli,CA,2022-07-12 01:14:18,50.6336,-96.9907,69.75,76,0,13.71
507,Half Moon Bay,US,2022-07-12 01:14:19,37.4636,-122.4286,91.06,80,100,19.57
508,Baherden,TM,2022-07-12 01:14:20,38.4362,57.4316,78.13,24,0,3.98
509,Shaoxing,CN,2022-07-12 01:15:21,30.011,120.5715,94.95,54,98,4.85
510,Uglegorsk,RU,2022-07-12 01:15:23,49.0833,142.0333,66.76,86,100,3.69
511,Saint-Paul,RE,2022-07-12 01:15:24,-21.0096,55.2707,70.36,72,16,5.79
512,San Cristobal,VE,2022-07-12 01:15:25,7.7669,-72.225,73.58,95,100,2.37
513,Fare,PF,2022-07-12 01:15:25,-16.7,-151.0167,77.81,76,1,9.04
514,Watsa,CD,2022-07-12 01:15:26,3.0372,29.5355,62.38,91,88,1.99
515,Weiser,US,2022-07-12 01:15:27,44.251,-116.9693,96.89,21,2,1.99
516,Ariquemes,BR,2022-07-12 01:15:28,-9.9133,-63.0408,77.25,65,40,1.48
517,Clyde River,CA,2022-07-12 01:15:29,70.4692,-68.5914,41.23,93,100,18.41
518,Fairbanks,US,2022-07-12 01:12:31,64.8378,-147.7164,76.96,67,100,10.36
519,Anekal,IN,2022-07-12 01:15:32,12.7,77.7,67.51,90,100,18.23
520,Nouadhibou,MR,2022-07-12 01:15:33,20.931,-17.0347,69.78,94,0,11.5
521,Sorland,NO,2022-07-12 01:15:41,67.667,12.6934,53.46,91,100,22.41
522,Kloulklubed,PW,2022-07-12 01:15:42,7.0419,134.2556,73.9,70,100,9.08
523,Baracoa,CU,2022-07-12 01:15:45,20.3467,-74.4958,79.7,86,26,3.87
524,Lysyye Gory,RU,2022-07-12 01:15:45,51.5506,44.8414,78.37,43,100,9.22
525,Tucumcari,US,2022-07-12 01:15:46,35.1717,-103.725,98.44,15,0,18.41
526,Ust-Tsilma,RU,2022-07-12 01:15:48,65.441,52.1498,66.65,78,24,3.4
527,Cayenne,GF,2022-07-12 01:15:48,4.9333,-52.3333,79.09,1,0,1.14
528,Dasoguz,TM,2022-07-12 01:15:49,41.8363,59.9666,71.55,46,0,6.91
529,Canillo,AD,2022-07-12 01:15:50,42.5833,1.6667,57.42,68,0,0.43
530,El Alto,PE,2022-07-12 01:15:52,-4.2714,-81.2147,62.44,85,49,16.58
531,Pokosnoye,RU,2022-07-12 01:15:53,55.5258,101.0536,61.09,88,100,8.61
532,Lake Havasu City,US,2022-07-12 01:15:55,34.4839,-114.3224,116.22,8,0,9.22
533,Ulety,RU,2022-07-12 01:15:55,51.3572,112.4849,59.58,80,100,0.31
534,Urubicha,BO,2022-07-12 01:15:56,-15.3833,-62.95,78.08,57,100,2.53
535,Cajati,BR,2022-07-12 01:15:57,-24.7361,-48.1228,67.01,63,100,2.48
536,Kang,BW,2022-07-12 01:15:58,-23.6752,22.7876,52.23,36,0,6.13
537,Strezhevoy,RU,2022-07-12 01:15:59,60.7333,77.5889,59.88,65,83,10.04
538,Imbituba,BR,2022-07-12 01:16:00,-28.24,-48.6703,69.85,82,100,10.85
539,Coihaique,CL,2022-07-12 01:16:01,-45.5752,-72.0662,28.35,86,75,4.61
540,Shingu,JP,2022-07-12 01:16:02,33.7333,135.9833,86.05,64,9,4.99
541,Laiyang,CN,2022-07-12 01:16:03,36.9758,120.7136,75.36,95,100,10.71
542,Ahuimanu,US,2022-07-12 01:16:04,21.4447,-157.8378,87.51,61,40,18.41
543,Uige,AO,2022-07-12 01:16:08,-7.6087,15.0613,61.02,86,98,2.68
544,Oranjemund,NA,2022-07-12 01:16:09,-28.55,16.4333,52.34,82,0,10.04
545,Missoula,US,2022-07-12 01:16:10,47.0166,-113.8009,78.1,34,0,2.89
546,Makakilo City,US,2022-07-12 01:16:17,21.3469,-158.0858,86.32,52,40,18.41
547,Porbandar,IN,2022-07-12 01:16:18,21.6422,69.6093,81.43,83,100,20.6
548,Omsukchan,RU,2022-07-12 01:16:19,62.5333,155.8,86.85,30,59,8.46
549,Chadiza,ZM,2022-07-12 01:16:20,-14.0678,32.4392,57.4,70,64,4.0
550,Qeshm,IR,2022-07-12 01:15:45,26.9581,56.2719,89.47,83,71,9.55
551,Nome,US,2022-07-12 01:14:15,64.5011,-165.4064,63.16,77,100,8.05
552,Riyadh,SA,2022-07-12 01:16:20,24.6877,46.7219,91.54,11,100,14.25
553,Yanam,IN,2022-07-12 01:17:26,16.7333,82.2167,75.61,87,100,14.81
554,Kashira,RU,2022-07-12 01:14:42,54.8444,38.1669,63.88,89,100,17.65
555,Goya,AR,2022-07-12 01:17:28,-29.14,-59.2626,51.33,82,98,8.97
556,Kinablangan,PH,2022-07-12 01:17:29,7.6947,126.5503,78.73,84,100,2.59
557,Lima,PE,2022-07-12 01:17:29,-12.0432,-77.0282,59.25,77,100,10.36
558,Chapais,CA,2022-07-12 01:17:30,49.7834,-74.8492,60.58,99,100,2.89
559,Kandrian,PG,2022-07-12 01:17:31,-6.2167,149.55,83.7,73,60,10.67
560,Victoria Point,AU,2022-07-12 01:17:32,-27.5833,153.3,66.25,75,81,3.0
